{"episode":100,"total_training_time":5.912527322769165,"_timestamp":1.7332293966544542e+09,"best_score":0,"epsilon":0.8606110552963769,"_step":100,"average_reward":-1.9059999999999975,"reward_std":0.7410560032818019,"_runtime":7.7141492,"max_score":0,"_wandb":{"runtime":8}}