{"max_score":0,"total_training_time":0.5189473628997803,"episode":10,"epsilon":0.9851008460612143,"_runtime":1.9112347,"reward_std":0.7525955088890702,"_timestamp":1.7338512019120362e+09,"_step":10,"best_score":0,"_wandb":{"runtime":2},"average_reward":-2.2399999999999975}