{"best_score":0,"_timestamp":1.7332295894641025e+09,"_runtime":2.2720915,"epsilon":0.9851008460612143,"total_training_time":0.5719635486602783,"reward_std":0.8052328855678949,"average_reward":-1.859999999999998,"_wandb":{"runtime":2},"max_score":0,"episode":10,"_step":10}