{"lr":0.0005,"_step":1466,"average_reward":3.4503067484662577,"episode":1467,"reward_std":10.96797119813465,"epsilon":0.11056496334095894,"best_score":1,"_runtime":162.3030911,"_wandb":{"runtime":162},"best_agent_index":0,"_timestamp":1.7332264768290722e+09}