{"episode":44,"_timestamp":1.7334068214933584e+09,"_wandb":{"runtime":5},"best_score":0,"reward_std":0.7731549618552029,"_step":43,"epsilon":0.9360844805723232,"_runtime":5.0234254,"average_reward":-2.263636363636361}