{"_runtime":13.1578114,"_step":165,"reward_std":0,"episode":166,"best_score":0,"_wandb":{"runtime":13},"_timestamp":1.7332260088172665e+09,"average_reward":-1.855421686746986,"epsilon":0.7794342546946645}