{"epsilon":0.013256818652323676,"_step":2880,"max_score":70,"reward_std":67.4032351781475,"episode":2880,"_runtime":938.9379526,"average_reward":31.514861111110996,"best_score":11,"_wandb":{"runtime":939},"_timestamp":1.7338522267733207e+09,"total_training_time":937.3871915340424}