{"average_reward":8.075784487862654,"_runtime":241.9756841,"reward_std":0,"episode":1689,"epsilon":0.0792298602970231,"_timestamp":1.733225980198882e+09,"_wandb":{"runtime":242},"_step":1688,"best_score":5}