{"average_reward":0.19588299024918443,"_runtime":77.3705203,"_wandb":{"runtime":77},"best_score":0,"reward_std":4.80469528791479,"epsilon":0.25018880790481435,"episode":923,"_timestamp":1.7334067976097634e+09,"_step":922}