{"episode":1,"reward_std":0,"epsilon":0.9985,"average_reward":-2.1999999999999957,"best_score":0,"_wandb":{"runtime":1},"_timestamp":1.733406805385325e+09,"_runtime":1.813349,"_step":0}