{"episode":10,"total_training_time":0.5369870662689209,"_step":10,"epsilon":0.9851008460612143,"best_score":0,"reward_std":0.80399004968967,"_timestamp":1.7332296292563238e+09,"average_reward":-2.039999999999998,"_runtime":2.2243916,"_wandb":{"runtime":2},"max_score":0}