{"reward_std":4.6384793370241395,"best_score":2,"_wandb":{"runtime":1286},"_runtime":1286.1958913,"_timestamp":1.7334111824113271e+09,"max_score":0,"total_training_time":1284.3494756221771,"_step":1000,"episode":1000,"average_reward":0.26989999999999703,"epsilon":0.22287902884342556}