{"_timestamp":1.7332269371375134e+09,"_wandb":{"runtime":443},"episode":1084,"_step":1083,"lr":0.0005,"best_score":2,"epsilon":0.1964748745225332,"_runtime":442.7910245,"reward_std":6.4294581668925535,"average_reward":0.7017343173431694,"best_agent_index":1}