{"_runtime":1501.251893,"average_reward":49.660869565217276,"_wandb":{"runtime":1501},"_step":3243,"best_score":0,"max_score":125,"total_training_time":1499.7868494987488,"episode":3243,"epsilon":0.01,"reward_std":104.7122695626561,"_timestamp":1.733866717643838e+09}