{"average_reward":42.2054666666664,"total_training_time":1246.6610434055328,"epsilon":0.011071529464453693,"_step":3000,"reward_std":89.32600216873517,"_wandb":{"runtime":1250},"_timestamp":1.7334038992963798e+09,"episode":3000,"max_score":119,"best_score":20,"_runtime":1249.6311508}