{"reward_std":8.434222877922338,"epsilon":0.18254183468823787,"episode":1133,"_wandb":{"runtime":117},"_step":1132,"average_reward":2.864960282436005,"_timestamp":1.7339382225913017e+09,"best_score":1,"_runtime":117.3384317}