{"average_reward":0.08749999999999722,"total_training_time":730.9626870155334,"_timestamp":1.733412300789496e+09,"_step":1000,"epsilon":0.22287902884342556,"episode":1000,"best_score":2,"_wandb":{"runtime":2866},"max_score":0,"_runtime":732.827676,"reward_std":4.2028055201258026}