{"episode":24,"epsilon":0.9646142224728889,"_step":23,"best_score":0,"_runtime":4.7844452,"average_reward":-1.7833333333333308,"_wandb":{"runtime":4},"reward_std":1.2109454524828445,"_timestamp":1.7334077395158992e+09}