{"_wandb":{"runtime":4},"_runtime":3.5842617,"episode":10,"reward_std":0.7364781055808775,"average_reward":-1.759999999999998,"max_score":0,"_timestamp":1.7338504826287386e+09,"best_score":0,"_step":10,"total_training_time":0.6160767078399658,"epsilon":0.9851008460612143}